FOLIO,ELECCION,SECCION,CASILLA,NUMERO,DISTRITO,MUNICIPIO,LISTA NOMINAL,PAN,PRI,PRD,PT,PVEM,PUDC,PMC,PNA,PSDI,PPC,PJ,PRC,PCP,MORENA,PES,GUERRERO GARCIA JAVIER,SALINAS VALDEZ LUIS HORACIO,CANDIDATO INDEPENDIENTE 1,VOTOS CNR,VOTOS NULOS,COAL1,COAL2,FECHA Y HORA DE REPORTE,INCLUIDA EN LA MUESTRA
10019,G,7,B,,1,2,584,79,88,6,1,1,100,0,3,0,1,4,1,0,8,0,26,0,0,0,2,5,0,6/5/2017 0:13,SI
10020,G,7,C,1,1,2,584,68,95,8,5,4,88,0,1,0,2,8,0,0,12,0,33,0,0,0,8,0,0,6/5/2017 0:17,SI
10030,G,10,C,7,1,2,713,87,91,23,6,6,145,0,2,2,0,17,0,0,27,1,16,1,0,0,6,3,1,6/4/2017 21:50,SI
10041,G,10,C,18,1,2,712,65,110,16,6,5,135,0,2,0,0,8,0,1,25,1,14,0,0,0,1,7,2,6/4/2017 21:42,SI
10042,G,10,C,19,1,2,712,70,129,15,2,3,111,0,2,0,1,15,1,0,17,1,24,0,0,0,8,4,0,6/4/2017 21:37,SI
10043,G,11,B,,1,2,647,58,119,16,6,2,132,0,3,1,0,2,0,1,20,1,24,0,0,0,7,4,2,6/4/2017 23:52,SI
10045,G,11,C,2,1,2,610,52,98,14,1,2,138,0,2,2,0,2,0,0,10,1,20,2,0,0,8,0,0,6/4/2017 23:55,SI
10078,G,20,B,,1,2,463,55,67,3,1,0,90,0,2,0,1,3,0,0,12,1,22,0,0,0,4,8,0,6/4/2017 20:17,SI
10090,G,27,B,,1,2,420,39,55,7,2,2,83,0,1,2,0,6,1,0,8,2,13,0,0,0,3,3,1,6/4/2017 22:37,SI
10178,G,42,C,2,5,3,621,107,105,1,8,2,78,0,9,0,0,1,1,1,17,0,36,0,0,0,10,8,0,6/5/2017 0:21,SI
10179,G,42,C,3,5,3,621,104,121,4,4,1,72,0,11,1,1,1,0,1,22,0,33,1,0,0,2,6,0,6/5/2017 0:26,SI
10189,G,47,B,,5,3,537,81,112,3,8,1,82,0,5,1,0,1,0,1,25,0,19,1,0,0,3,5,3,6/4/2017 22:12,SI
10190,G,47,C,1,5,3,536,87,133,5,5,1,87,0,1,1,0,0,0,0,17,0,17,0,0,0,5,1,2,6/4/2017 20:51,SI
10191,G,47,C,2,5,3,536,103,96,2,3,0,82,0,7,0,1,0,0,1,31,0,23,1,0,0,7,3,0,6/4/2017 23:18,SI
10202,G,53,C,1,5,3,379,81,86,2,6,1,33,0,3,0,1,0,0,0,23,0,17,0,0,0,9,4,1,6/4/2017 20:09,SI
10245,G,81,B,,5,5,464,177,171,0,0,1,2,0,2,1,0,0,0,0,2,4,8,0,0,0,7,3,1,6/4/2017 21:03,SI
10251,G,84,C,2,6,6,726,98,164,59,6,13,1,0,2,1,0,2,1,0,68,10,40,4,0,0,9,3,1,6/5/2017 1:21,SI
10253,G,85,C,1,6,6,451,79,111,31,1,5,0,0,3,0,1,2,0,0,26,2,18,0,0,0,5,2,3,6/4/2017 23:17,SI
10256,G,87,B,,6,6,537,72,99,47,5,11,0,0,1,0,1,0,0,0,49,5,35,0,0,0,14,2,0,6/4/2017 21:21,SI
10282,G,108,B,,6,6,301,16,120,8,0,1,0,0,1,0,0,0,0,0,2,1,30,0,0,0,5,0,0,6/4/2017 23:18,SI
10288,G,1570,C,1,6,6,384,59,108,13,6,9,4,0,2,0,0,0,1,0,23,3,0,0,0,0,4,4,1,6/4/2017 20:20,SI
10305,G,121,B,,4,7,133,40,48,1,0,0,0,0,0,0,0,1,0,0,2,0,0,0,0,0,0,1,0,6/4/2017 23:12,SI
10307,G,123,B,,4,7,516,109,93,41,8,2,4,0,0,1,0,1,0,0,31,1,0,0,0,0,0,0,0,6/4/2017 21:25,SI
10327,G,134,C,1,7,9,574,94,116,5,3,8,10,0,4,1,5,32,1,1,46,1,60,0,0,0,5,0,0,6/4/2017 20:25,SI
10338,G,139,B,,7,9,474,80,113,2,1,0,7,0,1,0,4,23,1,0,40,5,40,0,0,0,6,0,3,6/4/2017 21:07,SI
10346,G,143,B,,7,9,511,118,87,1,5,1,21,0,3,0,6,15,1,1,36,0,59,2,0,0,6,2,1,6/4/2017 20:45,SI
10349,G,144,B,,7,9,670,156,127,2,3,8,16,0,3,1,2,21,2,0,41,3,61,0,0,0,10,6,2,6/4/2017 21:34,SI
10357,G,147,C,1,7,9,592,87,115,4,1,3,9,0,6,0,0,41,5,1,38,1,0,0,0,0,0,5,0,6/4/2017 22:18,SI
10391,G,171,B,,7,9,503,62,159,10,5,22,1,0,3,0,8,33,0,0,57,0,15,0,0,0,4,0,0,6/4/2017 20:53,SI
10465,G,201,B,,6,10,386,64,84,3,9,3,3,0,2,0,0,3,0,0,47,0,25,1,0,0,1,0,0,6/4/2017 19:56,SI
10489,G,214,B,,12,11,574,161,135,2,7,0,3,0,2,0,0,0,1,46,43,0,7,0,0,0,3,3,0,6/4/2017 22:12,SI
10495,G,216,C,1,12,11,616,200,169,4,0,0,0,0,6,1,1,8,0,28,46,1,9,1,0,0,5,0,0,6/4/2017 22:47,SI
10502,G,225,B,,12,11,429,140,118,1,2,0,0,0,0,0,0,2,1,16,12,0,1,0,0,0,5,1,0,6/4/2017 22:17,SI
10508,G,231,B,,12,11,661,170,196,1,0,4,1,0,4,1,1,5,1,35,10,0,0,0,0,0,10,0,0,6/4/2017 22:21,SI
10523,G,244,B,,1,14,669,69,156,12,34,2,61,0,1,5,0,78,2,0,11,2,0,0,0,0,15,0,0,6/5/2017 0:40,SI
10562,G,265,C,3,7,17,648,89,115,2,8,2,9,0,9,0,76,1,3,2,70,0,36,1,0,0,3,3,1,6/4/2017 21:00,SI
10568,G,267,C,1,7,17,443,68,103,1,3,10,8,0,24,0,38,1,1,0,47,0,20,0,0,0,6,2,1,6/4/2017 20:08,SI
10577,G,270,B,,7,17,410,53,98,0,4,4,16,0,9,1,24,2,2,2,54,2,15,1,0,2,2,5,1,6/4/2017 21:18,SI
10615,G,288,B,,7,17,567,55,189,2,3,1,4,0,2,0,138,4,5,1,23,2,7,2,0,0,5,4,1,6/4/2017 19:41,SI
10624,G,291,C,1,7,17,723,39,256,0,0,0,0,0,2,0,272,0,0,3,26,0,3,2,0,0,4,6,1,6/4/2017 21:04,SI
10651,G,306,C,1,7,17,503,40,122,1,6,1,2,0,9,1,100,1,1,3,13,0,21,1,0,0,8,4,2,6/4/2017 20:49,SI
10663,G,312,C,2,7,17,548,35,157,2,5,4,2,0,1,1,140,3,13,2,12,0,0,0,0,0,0,0,0,6/4/2017 23:22,SI
10664,G,313,B,,7,17,590,53,210,0,2,7,0,0,1,0,150,1,24,13,5,0,0,0,0,0,4,1,0,6/4/2017 21:23,SI
10669,G,317,B,,7,17,228,26,124,0,1,2,3,0,0,0,9,1,1,1,6,0,3,1,0,2,0,0,0,6/4/2017 19:43,SI
10677,G,321,C,1,5,18,630,101,110,3,12,4,0,0,3,0,3,1,0,0,45,3,55,0,0,0,7,0,1,6/5/2017 1:12,SI
10706,G,332,C,2,5,18,576,184,59,3,1,1,0,0,1,0,0,0,0,0,36,3,90,3,0,0,0,0,0,6/4/2017 21:19,SI
10735,G,342,C,1,5,18,601,136,101,3,4,1,1,0,0,0,1,0,0,0,64,1,77,2,0,0,8,2,1,6/4/2017 21:39,SI
10743,G,346,B,,5,18,577,100,118,2,6,1,1,0,2,1,0,2,0,0,72,2,18,0,0,0,6,3,0,6/5/2017 0:59,SI
10757,G,351,C,1,5,18,606,65,174,2,6,2,0,0,3,2,0,0,0,0,176,3,26,1,0,0,5,1,0,6/4/2017 21:53,SI
10760,G,353,B,,5,18,441,91,88,3,5,1,2,0,3,0,0,3,0,0,49,2,37,0,0,1,3,0,0,6/4/2017 20:20,SI
10764,G,355,C,1,5,18,517,177,44,2,1,1,1,0,7,0,0,3,0,0,29,1,71,1,0,2,1,1,2,6/4/2017 22:32,SI
10768,G,357,C,1,5,18,567,206,53,1,0,1,0,0,2,1,1,0,0,0,26,0,75,4,0,0,0,0,1,6/4/2017 19:47,SI
10769,G,357,C,2,5,18,567,176,48,4,0,2,2,0,3,0,0,0,0,1,42,2,60,0,0,0,6,1,0,6/4/2017 20:59,SI
10770,G,357,C,3,5,18,566,194,63,0,1,3,1,0,4,0,0,1,0,0,33,0,64,2,0,0,4,3,0,6/4/2017 20:52,SI
10784,G,363,B,,5,18,642,120,186,0,6,0,1,0,2,1,2,2,0,0,43,1,0,0,0,0,6,0,0,6/4/2017 20:47,SI
10794,G,369,C,1,5,18,716,247,66,1,1,1,2,0,2,0,0,2,0,0,45,0,66,2,0,0,3,0,0,6/5/2017 1:22,SI
10795,G,370,B,,6,18,512,111,121,2,8,2,1,0,1,0,0,0,0,0,59,2,17,1,0,0,9,0,0,6/4/2017 21:22,SI
10797,G,370,C,2,6,18,511,90,123,2,6,4,1,0,4,0,0,2,2,0,69,0,14,1,0,0,2,0,2,6/4/2017 21:27,SI
10805,G,373,C,1,6,18,663,208,82,1,4,2,3,0,4,1,0,2,1,0,42,0,60,3,0,0,2,2,0,6/4/2017 21:44,SI
10829,G,384,B,,6,18,723,158,151,7,4,1,3,0,2,2,1,5,2,0,77,11,32,0,0,0,5,1,0,6/4/2017 20:21,SI
10830,G,384,C,1,6,18,722,147,188,2,3,8,2,0,2,0,0,7,0,0,75,2,29,2,0,1,8,1,2,6/4/2017 20:15,SI
10846,G,392,C,1,5,18,489,111,71,2,1,1,1,0,2,0,0,0,1,0,51,0,40,5,0,0,3,2,0,6/4/2017 19:34,SI
10853,G,397,C,1,5,18,514,115,64,0,6,1,0,0,2,0,0,1,0,0,72,2,39,0,0,0,3,1,0,6/4/2017 19:51,SI
10856,G,398,C,1,5,18,574,125,62,3,5,3,1,0,3,0,0,1,0,0,88,2,27,3,0,0,3,0,0,6/4/2017 20:56,SI
10859,G,399,C,1,5,18,602,143,96,3,6,0,0,0,8,0,0,0,0,0,74,0,0,0,0,0,0,0,0,6/5/2017 1:04,SI
10862,G,402,B,,5,18,605,140,96,3,4,2,1,0,1,0,0,1,2,0,62,1,25,3,0,2,1,0,0,6/4/2017 19:30,SI
10868,G,405,B,,6,18,568,115,126,6,11,7,1,0,0,0,0,1,3,0,57,3,31,4,0,0,8,0,0,6/4/2017 20:41,SI
10869,G,405,C,1,6,18,567,100,132,2,5,2,0,0,1,0,1,0,2,0,89,0,24,1,0,0,4,0,0,6/4/2017 20:46,SI
10871,G,406,C,1,6,18,564,90,126,0,3,0,0,0,0,0,0,0,0,0,73,0,28,2,0,0,5,0,0,6/4/2017 20:21,SI
10888,G,415,B,,5,18,731,152,147,4,7,2,0,0,3,1,0,0,1,0,85,3,44,7,0,0,2,1,0,6/4/2017 21:18,SI
10890,G,416,B,,5,18,688,184,126,3,5,1,0,0,4,1,0,0,0,0,74,2,39,2,0,0,4,0,1,6/4/2017 22:15,SI
10935,G,435,B,,5,18,702,155,100,3,3,2,1,0,0,2,0,1,0,0,88,2,32,4,0,0,7,2,1,6/4/2017 20:52,SI
10936,G,436,B,,6,18,664,127,74,10,2,3,0,0,3,1,1,3,0,0,96,2,43,0,0,0,4,0,0,6/4/2017 22:00,SI
10946,G,438,C,1,6,18,749,110,106,4,7,2,0,0,6,3,0,0,1,0,81,1,43,13,0,0,6,3,1,6/4/2017 20:43,SI
10949,G,439,C,1,6,18,586,142,87,3,2,3,0,0,4,1,0,0,0,0,85,0,0,0,0,0,0,0,0,6/4/2017 20:17,SI
10969,G,451,B,,3,20,566,72,90,1,3,0,46,0,3,1,2,4,1,1,39,2,9,1,0,0,7,6,0,6/4/2017 22:42,SI
10975,G,453,C,1,3,20,669,111,156,3,3,1,22,0,4,0,4,1,0,0,26,0,28,2,0,0,13,9,3,6/4/2017 22:02,SI
10976,G,454,B,,3,20,705,107,155,2,7,1,55,0,3,0,3,1,0,2,36,0,24,0,0,0,10,3,2,6/4/2017 21:44,SI
10982,G,457,B,,3,20,620,91,129,3,5,1,23,0,6,0,2,0,0,4,31,1,35,1,0,1,6,7,1,6/5/2017 0:06,SI
10988,G,459,B,,3,20,522,92,119,0,2,1,21,0,3,0,4,0,0,0,27,3,26,3,0,0,4,2,2,6/4/2017 20:47,SI
11028,G,481,C,1,3,20,592,73,165,0,3,2,42,0,4,0,1,1,1,1,46,2,13,1,0,0,12,9,0,6/4/2017 23:59,SI
11066,G,505,B,,4,21,704,151,294,1,20,0,2,0,6,0,1,10,0,1,19,0,11,0,0,0,17,0,1,6/4/2017 23:11,SI
11070,G,508,C,1,2,22,581,100,127,1,2,0,41,0,1,1,3,2,1,0,34,0,38,1,0,0,10,11,0,6/4/2017 22:00,SI
11091,G,516,C,2,2,22,692,116,167,3,5,0,14,0,1,0,0,0,0,0,38,0,60,0,0,0,5,2,2,6/4/2017 20:35,SI
11097,G,519,B,,2,22,641,102,113,10,3,5,8,0,1,1,1,0,1,0,37,1,0,3,0,0,0,1,1,6/4/2017 22:36,SI
11127,G,543,C,1,12,24,744,128,122,4,4,30,8,0,39,1,1,4,1,20,24,0,78,2,0,1,1,1,7,6/4/2017 20:42,SI
11128,G,543,C,2,12,24,744,127,117,4,7,31,6,0,35,0,4,4,0,28,24,0,52,2,0,0,8,1,7,6/4/2017 20:46,SI
11130,G,544,B,,12,24,593,97,117,6,6,36,6,0,31,6,2,3,0,9,19,2,30,1,0,0,11,0,0,6/4/2017 21:29,SI
11137,G,547,B,,12,24,498,66,96,5,5,22,5,0,21,0,2,4,1,9,27,0,36,0,0,0,6,1,3,6/4/2017 21:08,SI
11143,G,549,C,1,12,24,607,82,118,4,8,32,13,0,28,1,3,4,1,16,13,4,22,2,0,0,11,2,7,6/4/2017 20:27,SI
11149,G,552,B,,12,24,479,89,67,4,5,40,8,0,24,6,3,3,1,14,15,0,19,0,0,0,6,1,3,6/4/2017 19:42,SI
11162,G,558,C,1,12,24,708,120,97,7,5,52,11,0,30,8,2,4,5,30,26,2,26,2,0,1,13,1,8,6/4/2017 20:41,SI
11164,G,559,C,1,12,24,699,84,119,8,10,50,10,0,40,4,4,3,2,30,23,1,0,2,0,7,3,2,3,6/4/2017 20:20,SI
11187,G,577,B,,2,25,634,115,81,2,6,4,3,0,2,1,0,1,2,1,29,2,63,2,0,2,4,0,0,6/5/2017 2:17,NO
11190,G,577,C,3,2,25,633,111,95,8,4,5,1,0,3,1,1,3,1,0,21,0,56,5,0,0,9,0,2,6/5/2017 1:17,SI
11194,G,579,B,,2,25,532,89,122,2,5,5,0,0,3,4,0,1,1,1,15,1,0,0,0,0,0,0,0,6/5/2017 2:13,NO
11212,G,585,C,1,2,25,609,104,94,4,7,3,0,0,2,0,3,3,2,0,17,2,69,3,0,13,0,0,0,6/4/2017 23:33,SI
11230,G,587,C,8,2,25,730,120,95,3,9,7,1,0,4,0,1,2,1,32,2,1,48,4,0,0,6,0,2,6/5/2017 1:49,SI
11250,G,600,B,,2,25,565,119,65,2,0,2,3,0,4,1,0,0,0,0,19,2,99,2,0,0,5,0,2,6/4/2017 20:05,SI
11251,G,601,B,,2,25,586,122,103,0,3,3,2,0,3,1,1,0,0,0,18,1,97,0,0,0,6,1,1,6/4/2017 21:25,SI
11253,G,601,C,2,2,25,586,134,90,3,3,3,4,0,3,0,0,2,0,0,16,0,99,1,0,0,9,4,1,6/4/2017 19:41,SI
11259,G,606,B,,2,25,563,143,50,0,2,1,1,0,0,0,2,0,0,0,20,0,114,0,0,0,3,2,0,6/5/2017 1:26,SI
11260,G,606,C,1,2,25,563,161,54,3,1,2,3,0,2,0,0,4,1,0,18,3,91,0,0,0,4,1,0,6/5/2017 1:30,SI
11268,G,612,C,1,2,25,579,148,47,2,1,1,3,0,3,0,4,0,0,0,25,0,129,1,0,0,4,2,0,6/4/2017 22:05,SI
11269,G,612,C,2,2,25,579,40,59,2,0,0,8,0,2,0,0,1,0,0,29,0,131,2,0,0,2,1,1,6/4/2017 22:40,SI
11278,G,617,C,1,2,25,413,81,68,1,3,7,2,0,2,1,0,2,1,0,14,1,42,0,0,0,0,0,1,6/5/2017 2:22,NO
11281,G,618,C,2,2,25,531,87,98,0,3,9,1,0,1,2,0,1,0,0,15,0,56,3,0,2,10,0,0,6/4/2017 23:23,SI
11293,G,623,C,1,2,25,681,144,104,4,6,2,1,0,3,2,3,2,0,0,36,0,82,5,0,0,8,1,0,6/4/2017 21:04,SI
11300,G,623,C,8,2,25,680,119,96,2,3,1,3,0,2,1,1,2,1,0,30,0,95,3,0,0,5,1,2,6/5/2017 2:08,NO
11307,G,627,B,,2,25,733,142,83,4,0,3,9,0,9,0,3,1,1,2,33,0,126,4,0,0,6,1,2,6/4/2017 23:31,SI
11315,G,631,B,,2,25,648,113,119,5,6,3,0,0,1,3,1,3,1,0,19,2,70,7,0,2,10,1,1,6/4/2017 22:09,SI
11345,G,639,B,,2,25,569,84,103,5,7,6,5,0,5,1,0,3,2,0,34,1,0,0,0,0,9,0,0,6/5/2017 0:02,SI
11347,G,639,C,2,2,25,568,67,88,11,6,10,2,0,8,4,1,4,1,1,26,3,0,0,0,0,6,1,0,6/4/2017 23:54,SI
11348,G,640,B,,2,25,690,116,127,3,7,2,5,0,0,1,0,4,1,1,27,0,46,3,0,0,7,0,0,6/4/2017 21:33,SI
11391,G,1566,C,1,2,25,494,94,62,8,5,6,3,0,0,1,1,0,0,1,44,1,72,3,0,0,5,0,0,6/4/2017 20:00,SI
11394,G,645,B,,5,26,259,19,73,0,1,0,1,0,3,4,0,1,0,0,62,3,8,1,0,0,3,0,1,6/4/2017 20:53,SI
11395,G,646,B,,5,26,413,27,104,2,0,0,2,0,5,3,1,3,1,1,110,11,4,2,0,0,3,0,0,6/4/2017 20:22,SI
11428,G,654,C,1,12,27,693,120,155,14,7,3,0,0,1,1,1,3,1,1,44,1,37,1,0,0,20,0,0,6/4/2017 20:55,SI
11464,G,664,C,4,12,27,743,127,147,19,1,4,2,0,3,2,1,5,0,1,46,7,45,7,0,0,9,2,0,6/4/2017 22:38,SI
11465,G,664,C,5,12,27,743,120,166,8,8,11,1,0,1,2,2,4,2,0,64,2,3,45,0,0,5,2,2,6/4/2017 22:06,SI
11470,G,664,C,10,12,27,742,154,164,11,4,7,1,0,3,3,1,6,0,0,46,2,33,5,0,0,4,0,0,6/4/2017 22:29,SI
11477,G,667,B,,12,27,237,27,119,0,0,1,0,0,1,1,1,2,0,0,6,0,0,0,0,0,9,0,2,6/4/2017 20:20,SI
11523,G,696,B,,3,28,617,187,73,0,0,0,38,0,3,1,1,3,1,0,33,0,77,0,0,0,2,2,1,6/4/2017 22:32,SI
11530,G,699,B,,3,28,381,142,77,1,0,0,0,0,0,0,0,0,0,0,20,0,20,1,0,0,3,0,0,6/4/2017 19:51,SI
11548,G,708,B,,3,28,580,111,127,0,1,1,51,0,1,0,2,2,1,0,27,1,26,0,0,0,9,8,2,6/4/2017 21:33,SI
11564,G,715,C,1,3,28,704,124,163,0,1,2,167,0,1,1,0,0,0,0,37,0,12,0,0,0,9,7,2,6/4/2017 21:51,SI
11565,G,715,C,2,3,28,704,117,186,2,4,2,74,0,1,1,3,0,2,0,31,0,13,0,0,0,2,9,0,6/4/2017 21:58,SI
11567,G,717,B,,3,28,705,122,184,1,1,3,60,0,2,1,0,1,0,0,39,1,0,0,0,0,4,11,0,6/4/2017 22:40,SI
11590,G,730,C,1,14,30,644,223,54,6,2,1,1,0,3,0,0,4,0,0,58,1,68,5,0,0,0,0,0,6/4/2017 22:47,SI
11609,G,734,B,,14,30,749,297,70,0,0,2,4,0,3,1,1,6,0,0,42,3,66,1,0,0,5,1,1,6/4/2017 22:37,SI
11615,G,734,C,6,14,30,748,313,67,3,2,1,2,0,4,1,1,5,0,0,44,0,80,5,0,0,4,0,1,6/4/2017 20:30,SI
11617,G,734,C,8,14,30,748,337,63,2,1,2,1,0,5,1,2,0,1,0,35,0,60,4,0,0,1,2,1,6/4/2017 22:35,SI
11618,G,734,C,9,14,30,748,284,68,2,0,1,4,0,6,1,0,1,0,0,38,0,90,7,0,0,6,1,0,6/4/2017 21:41,SI
11619,G,735,B,,14,30,634,177,129,3,3,0,2,0,3,0,1,0,0,1,63,1,32,4,0,0,8,0,2,6/4/2017 21:00,SI
11628,G,738,B,,13,30,693,54,129,3,2,7,3,0,5,5,1,46,0,1,46,0,25,5,0,1,5,0,0,6/4/2017 23:45,SI
11640,G,742,B,,14,30,546,147,100,5,3,0,1,0,2,1,0,2,0,0,44,0,53,1,0,0,3,2,0,6/4/2017 22:47,SI
11670,G,750,C,1,14,30,666,242,72,0,1,2,2,0,1,0,0,0,0,0,58,1,70,5,0,2,7,2,1,6/4/2017 21:09,SI
11678,G,752,C,1,14,30,702,203,93,11,2,2,1,0,9,0,0,2,1,0,54,4,58,14,0,0,3,2,0,6/4/2017 20:41,SI
11680,G,752,C,3,14,30,702,199,74,5,6,4,2,0,6,1,0,4,0,0,64,3,67,10,0,0,6,2,1,6/4/2017 20:46,SI
11686,G,752,C,9,14,30,701,191,93,7,4,3,4,0,5,0,0,1,0,1,60,0,64,4,0,0,4,2,0,6/4/2017 22:28,SI
11692,G,754,C,1,14,30,579,156,108,5,6,4,2,0,0,1,1,2,1,0,41,4,34,4,0,0,1,1,2,6/4/2017 20:36,SI
11707,G,755,C,12,14,30,716,97,120,6,0,3,0,0,3,0,0,6,0,1,58,6,19,4,0,0,12,0,1,6/4/2017 21:17,SI
11717,G,758,C,1,14,30,683,139,136,11,4,5,1,0,3,1,0,4,0,0,76,4,38,9,0,0,7,0,0,6/4/2017 21:48,SI
11720,G,759,C,2,14,30,702,224,94,10,7,0,1,0,3,1,2,2,1,1,69,0,49,8,0,0,5,1,0,6/4/2017 19:58,SI
11738,G,766,C,4,13,30,716,103,111,10,6,5,0,0,4,0,0,13,0,1,63,5,30,6,0,0,4,0,0,6/4/2017 21:02,SI
11744,G,766,C,10,13,30,715,102,96,6,4,8,0,0,1,4,1,8,1,1,59,5,29,6,0,0,9,0,0,6/5/2017 0:39,SI
11746,G,766,C,12,13,30,715,100,105,10,5,2,0,0,3,1,0,9,0,1,72,1,20,4,0,0,7,1,0,6/4/2017 19:47,SI
11747,G,766,C,13,13,30,715,123,99,9,10,3,0,0,4,2,0,5,0,3,55,4,0,0,0,0,13,0,0,6/4/2017 23:28,SI
11749,G,766,C,15,13,30,715,101,122,11,3,4,0,0,5,2,0,11,1,2,65,7,19,7,0,0,6,1,0,6/4/2017 20:10,SI
11750,G,766,C,16,13,30,715,98,111,6,5,6,1,0,3,3,1,7,2,0,75,4,24,6,0,0,8,1,1,6/4/2017 20:16,SI
11777,G,777,B,,14,30,725,77,128,1,4,5,2,0,3,1,0,17,1,3,54,2,18,2,0,0,9,0,0,6/4/2017 22:00,SI
11778,G,777,C,1,14,30,725,92,131,5,3,3,1,0,4,0,1,24,1,3,48,2,16,5,0,1,8,3,8,6/4/2017 21:44,SI
11781,G,777,C,4,14,30,725,107,105,6,2,1,4,0,4,0,0,12,2,1,55,2,25,3,0,0,7,0,6,6/4/2017 21:56,SI
11791,G,777,C,14,14,30,725,89,121,2,5,3,0,0,3,0,0,15,0,5,49,0,17,3,0,0,9,0,5,6/5/2017 0:15,SI
11792,G,777,C,15,14,30,725,97,134,4,4,2,0,0,3,1,0,17,0,4,59,7,17,1,0,0,5,0,0,6/5/2017 0:18,SI
11793,G,777,C,16,14,30,725,114,111,8,5,4,0,0,2,1,0,14,1,3,50,3,22,7,0,0,8,1,1,6/4/2017 22:00,SI
11796,G,778,C,1,14,30,631,162,118,7,7,2,1,0,3,0,1,1,0,1,69,1,52,7,0,1,7,0,1,6/4/2017 20:58,SI
11797,G,779,B,,14,30,626,158,114,5,0,0,0,0,0,0,0,0,0,0,77,0,53,5,0,0,6,0,0,6/5/2017 0:27,SI
11802,G,781,C,1,15,30,502,193,46,2,1,1,1,0,3,0,0,1,0,0,38,0,66,6,0,0,7,3,1,6/4/2017 20:02,SI
11806,G,783,C,1,15,30,502,144,98,2,1,3,0,0,6,0,1,5,0,0,36,3,52,8,0,0,5,0,3,6/4/2017 20:20,SI
11824,G,791,C,1,13,30,609,115,113,14,8,6,1,0,1,0,0,4,1,1,65,3,26,5,0,0,5,2,0,6/4/2017 21:22,SI
11846,G,801,B,,14,30,682,218,105,5,4,1,1,0,19,0,0,3,1,1,63,0,70,3,0,0,4,0,0,6/4/2017 21:40,SI
11851,G,804,B,,14,30,454,72,135,8,4,4,1,0,2,0,0,4,1,46,47,0,21,6,0,0,8,1,0,6/4/2017 21:26,SI
11860,G,808,C,1,15,30,397,96,84,4,2,4,1,0,1,1,0,0,1,1,44,2,23,2,0,1,5,0,0,6/4/2017 20:42,SI
11861,G,809,B,,15,30,633,136,123,3,5,0,0,0,0,0,0,0,0,0,58,0,27,3,0,1,11,6,13,6/5/2017 1:10,SI
11862,G,810,B,,15,30,710,287,55,5,0,2,3,0,2,0,0,6,0,0,48,0,59,4,0,0,4,3,1,6/4/2017 23:39,SI
11865,G,812,C,1,13,30,593,103,127,5,3,2,0,0,3,0,0,3,0,1,55,2,16,4,0,0,7,2,1,6/4/2017 20:29,SI
11868,G,814,B,,13,30,609,89,164,5,4,7,1,0,1,1,0,12,2,7,47,0,9,6,0,0,7,1,3,6/4/2017 19:49,SI
11878,G,816,C,5,13,30,659,93,126,14,11,3,0,0,1,2,2,1,0,8,74,1,24,11,0,0,15,1,1,6/4/2017 21:29,SI
11879,G,817,B,,13,30,677,81,221,3,8,6,0,0,1,7,0,13,1,3,55,3,0,0,0,0,14,1,2,6/5/2017 1:10,SI
11885,G,819,B,,13,30,561,53,145,4,11,7,1,0,7,1,1,4,0,4,53,8,22,6,0,0,15,0,4,6/4/2017 23:07,SI
11886,G,819,C,1,13,30,560,78,137,4,6,10,1,0,1,0,0,7,0,1,54,9,21,1,0,0,7,0,3,6/5/2017 0:19,SI
11898,G,826,B,,13,30,607,156,125,7,0,0,0,0,0,0,0,0,0,0,43,0,32,3,0,0,12,0,0,6/4/2017 21:32,SI
11923,G,836,C,2,15,30,564,72,134,6,3,7,2,0,4,1,0,12,0,0,66,0,15,1,0,0,7,0,2,6/4/2017 23:05,SI
11928,G,839,B,,15,30,743,174,133,5,6,3,0,0,4,0,0,3,1,0,76,0,44,5,0,0,7,4,0,6/4/2017 19:47,SI
11935,G,846,B,,13,30,577,145,81,3,2,0,1,0,3,0,0,2,0,0,69,0,28,6,0,0,6,2,1,6/4/2017 21:15,SI
11948,G,852,C,4,13,30,606,55,188,3,2,5,0,0,1,2,1,19,1,6,22,3,1,0,0,0,10,0,0,6/4/2017 19:35,SI
11951,G,853,C,2,13,30,663,80,153,11,6,6,1,0,2,2,0,21,0,1,59,2,16,1,0,1,7,1,1,6/4/2017 21:07,SI
11952,G,854,B,,13,30,679,150,121,7,12,3,0,0,1,0,0,3,0,7,87,1,26,10,0,0,11,0,0,6/4/2017 20:50,SI
11960,G,858,B,,13,30,521,108,43,4,0,2,1,0,1,1,0,5,0,0,50,1,37,2,0,0,2,0,0,6/4/2017 19:31,SI
11963,G,861,B,,15,30,728,171,86,4,5,4,1,0,3,1,0,1,1,0,96,2,45,4,0,0,8,3,0,6/4/2017 21:50,SI
11968,G,864,B,,15,30,514,80,127,2,17,4,1,0,4,1,1,16,0,0,36,4,16,4,0,0,5,2,4,6/4/2017 20:40,SI
11972,G,866,B,,15,30,570,182,92,5,4,4,1,0,1,0,0,3,0,0,63,2,49,9,0,0,8,0,0,6/4/2017 23:47,SI
11973,G,866,C,1,15,30,569,166,82,7,1,2,1,0,5,1,2,2,2,0,76,3,49,9,0,0,8,1,1,6/4/2017 23:43,SI
11993,G,869,C,9,14,30,714,75,170,3,3,2,1,0,10,0,0,9,0,5,68,7,16,3,0,0,11,0,0,6/4/2017 20:13,SI
12016,G,882,B,,13,30,382,92,73,5,1,1,0,0,1,0,1,1,0,0,30,0,20,1,0,0,9,0,0,6/4/2017 21:40,SI
12028,G,887,C,1,13,30,592,85,197,7,4,4,1,0,0,0,1,19,0,0,45,2,14,4,0,0,12,1,2,6/4/2017 22:22,SI
12032,G,889,C,1,13,30,559,67,140,9,6,4,0,0,2,2,0,18,0,2,54,1,10,7,0,0,10,0,2,6/4/2017 19:52,SI
12035,G,891,B,,13,30,392,86,75,5,0,1,0,0,3,2,0,1,0,0,46,2,28,5,0,1,5,1,0,6/4/2017 23:13,SI
12039,G,893,C,1,13,30,409,94,70,12,0,3,0,0,0,0,0,6,0,0,43,0,35,5,0,0,6,2,0,6/4/2017 20:03,SI
12042,G,895,C,1,13,30,535,87,125,3,1,4,1,0,3,1,1,24,1,5,37,1,19,4,0,0,6,0,1,6/4/2017 21:13,SI
12048,G,898,C,1,15,30,425,115,65,5,5,6,1,0,7,0,1,2,0,0,39,4,28,3,0,0,2,0,0,6/5/2017 0:37,SI
12049,G,899,B,,15,30,427,110,77,2,2,1,0,0,10,0,0,1,0,0,48,3,0,0,0,0,0,0,0,6/4/2017 23:25,SI
12051,G,900,B,,15,30,451,123,90,7,3,2,1,0,5,0,0,4,0,0,34,2,25,2,0,0,6,2,1,6/4/2017 20:11,SI
12053,G,902,B,,15,30,637,151,139,8,5,5,2,0,7,0,0,7,0,0,67,4,28,6,0,0,8,1,0,6/4/2017 20:00,SI
12090,G,907,C,18,15,30,741,58,177,5,7,7,1,0,1,0,0,11,1,4,36,6,10,2,0,0,11,0,0,6/4/2017 19:53,SI
12094,G,908,C,3,15,30,606,71,127,2,9,7,0,0,8,2,2,31,1,4,46,3,16,5,0,0,7,0,0,6/5/2017 0:23,SI
12095,G,909,B,,15,30,741,91,144,9,1,6,0,0,4,0,1,15,0,13,64,8,17,9,0,0,8,2,2,6/4/2017 22:42,SI
12103,G,912,C,1,15,30,532,158,95,2,2,2,1,0,6,0,1,7,0,0,43,2,27,3,0,0,3,4,1,6/4/2017 20:59,SI
12111,G,917,B,,13,30,741,83,150,5,2,5,1,0,2,0,2,8,1,2,68,4,29,2,0,0,7,2,3,6/5/2017 0:22,SI
12115,G,919,C,1,13,30,491,139,91,4,0,2,1,0,1,2,1,1,0,0,50,5,34,4,0,0,2,0,1,6/4/2017 20:10,SI
12151,G,936,C,1,15,30,635,102,136,6,7,2,1,0,0,0,0,7,1,1,60,1,23,4,0,0,8,1,0,6/4/2017 23:11,SI
12162,G,941,B,,15,30,572,105,153,1,4,5,0,0,4,1,0,10,0,0,56,2,22,2,0,0,5,1,0,6/4/2017 20:00,SI
12207,G,951,C,1,15,30,593,62,172,6,6,5,0,0,0,0,0,26,0,4,33,2,16,2,0,1,12,0,0,6/4/2017 23:17,SI
12213,G,952,C,5,15,30,654,84,152,6,6,5,0,0,3,2,11,11,0,1,58,2,23,6,0,0,11,0,1,6/4/2017 21:30,SI
12214,G,953,B,,15,30,586,104,159,6,5,4,0,0,4,3,3,4,1,3,57,0,0,0,0,0,0,1,2,6/5/2017 0:39,SI
12215,G,953,C,1,15,30,586,89,173,5,2,9,1,0,3,0,0,4,1,2,39,4,21,7,0,0,0,0,3,6/5/2017 0:46,SI
12235,G,962,B,,16,30,733,131,184,7,4,4,2,0,5,0,1,9,0,1,67,5,34,5,0,1,9,0,3,6/4/2017 23:45,SI
12238,G,964,B,,16,30,548,65,124,8,5,2,1,0,1,1,0,8,1,2,60,2,18,7,0,0,3,0,1,6/4/2017 21:21,SI
12245,G,967,B,,16,30,640,73,199,10,5,5,1,0,3,0,0,4,0,4,31,11,5,2,0,0,4,2,2,6/4/2017 22:34,SI
12248,G,968,B,,16,30,581,56,132,2,6,9,1,0,2,0,0,10,0,46,36,2,6,2,0,0,22,0,2,6/4/2017 20:58,SI
12249,G,968,C,1,16,30,581,35,125,8,3,3,0,0,3,0,0,6,1,48,41,1,4,5,0,0,9,0,0,6/4/2017 21:03,SI
12270,G,973,C,1,16,30,545,73,118,4,3,0,0,0,0,0,0,0,0,0,53,0,37,8,0,0,2,2,4,6/4/2017 23:10,SI
12272,G,974,B,,16,30,715,99,193,9,2,3,2,0,2,3,0,3,0,0,99,3,28,5,0,0,8,0,3,6/4/2017 22:30,SI
12277,G,976,C,1,16,30,693,240,75,3,2,3,3,0,12,0,2,1,0,0,73,0,0,0,0,0,5,2,0,6/4/2017 21:51,SI
12279,G,977,C,1,16,30,638,126,118,8,5,3,0,0,7,0,0,2,0,0,68,3,42,6,0,0,4,1,3,6/4/2017 22:19,SI
12281,G,977,C,3,16,30,638,118,93,5,8,5,0,0,5,0,2,0,2,1,57,3,38,8,0,0,26,5,13,6/4/2017 22:50,SI
12299,G,983,B,,16,30,612,105,115,13,2,6,0,0,3,1,0,3,0,0,78,1,36,10,0,0,8,1,0,6/4/2017 20:28,SI
12303,G,985,B,,16,30,627,104,167,8,3,4,3,0,4,0,1,5,0,0,59,6,25,6,0,1,7,0,5,6/4/2017 22:46,SI
12304,G,985,C,1,16,30,627,103,148,5,5,7,1,0,0,3,1,5,0,1,1,4,22,8,0,1,16,0,2,6/4/2017 22:51,SI
12333,G,993,C,6,16,30,750,82,178,9,4,5,0,0,8,0,3,7,0,2,74,5,34,5,0,1,6,2,5,6/4/2017 20:32,SI
12334,G,993,C,7,16,30,750,97,197,9,4,5,0,0,1,1,0,10,2,3,79,4,13,7,0,0,9,2,2,6/4/2017 20:36,SI
12335,G,993,C,8,16,30,750,74,208,9,3,2,0,0,1,2,0,6,0,4,79,6,22,6,0,1,8,1,1,6/4/2017 20:40,SI
12358,G,1000,B,,16,30,262,49,70,0,2,1,0,0,0,0,0,2,0,21,4,0,0,0,0,0,6,0,0,6/4/2017 20:56,SI
12360,G,1002,B,,16,30,656,68,139,3,3,8,1,0,2,5,0,6,0,8,42,2,8,9,0,0,6,0,0,6/4/2017 23:31,SI
12361,G,1002,C,1,16,30,655,40,164,7,4,6,1,0,1,6,1,7,0,7,35,5,0,0,0,0,0,0,0,6/4/2017 23:36,SI
12383,G,1010,B,,16,30,310,74,91,0,1,1,0,0,1,1,0,1,0,0,8,0,2,2,0,0,5,0,0,6/4/2017 20:39,SI
12386,G,1012,B,,16,30,148,7,55,0,5,1,0,0,1,0,0,0,3,13,4,0,0,0,0,0,2,0,0,6/4/2017 23:12,SI
12389,G,1014,C,1,16,30,610,81,227,6,2,1,4,0,1,1,2,1,2,3,41,7,3,1,0,0,11,0,1,6/5/2017 0:26,SI
12417,G,1613,B,,14,30,642,78,138,10,6,4,1,0,5,1,0,4,1,3,66,4,16,1,0,0,7,1,1,6/4/2017 21:16,SI
12422,G,1618,B,,14,30,570,61,98,4,4,3,0,0,1,3,0,1,0,1,51,1,20,3,0,0,9,0,0,6/4/2017 20:49,SI
12427,G,1622,B,,14,30,491,61,98,4,4,3,0,0,1,3,0,1,0,1,51,1,20,3,0,0,9,0,0,6/4/2017 22:02,SI
12443,G,1633,B,,14,30,464,40,74,2,2,2,0,0,2,0,0,2,0,2,34,1,5,4,0,0,3,1,0,6/4/2017 20:40,SI
12445,G,1634,B,,14,30,409,46,80,2,3,3,0,0,1,1,0,8,0,0,31,3,3,3,0,0,4,0,1,6/4/2017 20:06,SI
12453,G,1636,C,4,14,30,626,61,58,3,6,3,1,0,1,1,0,8,0,4,32,1,6,0,0,0,474,1,0,6/4/2017 19:38,SI
12458,G,1639,C,1,14,30,396,34,78,5,8,1,0,0,1,0,0,6,0,2,26,4,6,4,0,0,3,0,0,6/4/2017 19:54,SI
12462,G,1642,B,,16,30,445,155,40,4,1,1,0,0,10,0,0,4,0,0,34,9,40,7,0,0,8,0,1,6/4/2017 20:21,SI
12469,G,1649,B,,16,30,512,59,121,7,9,4,1,0,2,1,1,5,1,0,62,2,13,5,0,0,6,0,0,6/4/2017 21:45,SI
12474,G,1654,B,,16,30,683,249,78,5,3,1,2,0,5,1,0,4,1,2,52,1,50,7,0,0,5,2,0,6/5/2017 0:02,SI
12476,G,1656,B,,16,30,680,198,97,8,0,2,2,0,14,0,0,2,1,0,77,5,56,6,0,0,7,1,0,6/4/2017 20:27,SI
12479,G,1658,B,,16,30,573,104,124,4,8,4,0,0,1,0,0,3,0,0,72,3,24,15,0,0,5,1,0,6/4/2017 21:43,SI
12484,G,1661,B,,16,30,679,135,154,3,5,8,4,0,2,3,0,2,2,0,69,3,19,9,0,0,7,4,0,6/4/2017 20:12,SI
12495,G,1670,B,,16,30,390,44,77,5,3,6,2,0,1,0,0,0,0,0,34,2,0,0,0,0,0,2,0,6/4/2017 20:59,SI
12504,G,1676,C,2,16,30,725,37,135,10,2,7,1,0,3,0,1,6,1,2,44,7,0,4,0,0,14,0,2,6/5/2017 3:01,NO
12512,G,1040,B,,4,31,680,106,153,3,9,1,3,0,15,0,1,3,4,0,113,3,0,0,0,0,5,0,0,6/4/2017 21:34,SI
12519,G,1043,B,,4,31,564,114,113,4,3,1,1,0,14,1,2,0,0,0,72,2,27,4,0,0,4,0,2,6/4/2017 23:59,SI
12522,G,1044,C,1,4,31,492,100,99,1,3,1,3,0,15,0,0,1,0,0,51,4,33,1,0,0,2,0,1,6/4/2017 22:28,SI
12534,G,1050,C,1,4,31,400,87,74,1,3,0,3,0,7,0,1,0,0,0,48,0,90,0,0,1,3,0,0,6/5/2017 0:47,SI
12537,G,1052,B,,4,31,594,94,153,2,5,3,0,0,12,1,1,0,0,0,0,0,0,0,0,0,1,0,0,6/5/2017 1:31,SI
12552,G,1062,C,1,3,32,521,106,145,0,1,1,0,0,0,0,0,2,0,0,37,0,13,0,0,0,2,1,2,6/4/2017 23:24,SI
12565,G,1068,B,,3,32,544,137,130,0,2,3,2,0,1,0,0,2,0,0,57,0,15,1,0,0,5,5,1,6/4/2017 23:25,SI
12597,G,1086,C,1,3,32,379,101,83,0,7,1,0,0,0,0,0,1,0,0,38,0,23,0,0,0,6,2,0,6/4/2017 19:43,SI
12600,G,1088,B,,3,32,738,208,120,0,0,0,3,0,8,0,0,5,1,0,93,0,31,0,0,0,8,0,1,6/4/2017 21:24,SI
12602,G,1088,C,2,3,32,737,203,120,2,1,0,2,0,4,0,0,2,0,0,89,0,30,3,0,0,6,1,0,6/4/2017 21:37,SI
12614,G,1094,B,,4,33,716,87,137,16,3,1,24,0,4,4,2,7,1,1,25,4,88,2,0,0,8,1,0,6/4/2017 22:14,SI
12616,G,1094,C,2,4,33,716,81,152,5,7,2,34,0,3,1,3,6,0,1,33,0,88,2,0,0,17,3,0,6/4/2017 23:08,SI
12622,G,1097,C,1,4,33,722,98,136,5,3,6,16,0,3,2,1,9,2,0,40,2,145,0,0,0,22,3,1,6/4/2017 21:41,SI
12630,G,1101,B,,4,33,537,74,96,0,2,2,4,0,4,0,1,4,1,0,1,1,146,3,0,0,6,2,0,6/4/2017 22:31,SI
12631,G,1102,B,,4,33,488,80,80,0,1,1,5,0,1,1,0,3,0,0,21,0,143,0,0,1,5,1,1,6/4/2017 21:19,SI
12635,G,1104,B,,4,33,612,113,76,2,3,0,0,0,0,0,0,0,0,0,37,0,157,2,0,0,11,0,0,6/4/2017 20:13,SI
12639,G,1106,B,,4,33,431,50,99,8,8,0,15,0,1,0,3,1,2,0,24,0,67,0,0,0,6,1,0,6/4/2017 20:05,SI
12644,G,1109,B,,4,33,747,111,104,6,4,1,11,0,3,1,3,2,0,0,26,1,233,0,0,0,5,2,5,6/4/2017 20:47,SI
12645,G,1109,C,1,4,33,746,104,77,3,7,3,14,0,4,1,2,1,1,0,30,3,245,3,0,0,6,2,0,6/4/2017 21:17,SI
12667,G,1121,B,,4,33,209,52,74,1,1,0,9,0,1,0,1,0,2,0,3,0,3,0,0,0,2,1,0,6/4/2017 22:58,SI
12668,G,1122,B,,4,33,576,138,134,6,1,5,10,0,6,2,4,14,0,1,11,0,42,0,0,0,0,0,0,6/4/2017 22:23,SI
12671,G,1125,B,,4,33,545,132,165,2,4,0,7,0,1,0,18,1,4,0,10,0,16,0,0,0,10,12,1,6/4/2017 21:31,SI
12672,G,1125,C,1,4,33,544,131,153,3,2,2,5,0,0,0,29,1,3,0,21,0,26,0,0,0,13,20,0,6/4/2017 20:47,SI
12691,G,1137,B,,4,33,629,128,168,13,2,10,2,0,29,28,5,6,5,1,28,0,52,0,0,0,14,2,4,6/4/2017 22:59,SI
12698,G,1140,C,1,4,33,733,142,111,10,8,1,22,0,2,1,3,5,1,0,44,2,92,0,0,0,4,0,0,6/4/2017 20:58,SI
12704,G,1143,B,,4,33,488,37,88,3,0,0,115,0,0,0,5,1,0,1,4,0,54,0,0,0,8,0,2,6/4/2017 20:51,SI
12710,G,1147,C,1,4,33,457,56,102,5,0,1,26,0,3,2,7,0,2,1,18,3,52,0,0,0,8,0,0,6/4/2017 22:59,SI
12719,G,1153,B,,4,33,628,85,178,2,2,2,15,0,0,0,147,9,4,0,12,1,12,0,0,0,6,2,2,6/4/2017 21:56,SI
12720,G,1154,B,,4,33,740,135,188,7,5,1,72,0,1,1,10,3,2,17,23,2,19,0,0,0,22,10,3,6/4/2017 23:01,SI
12722,G,1156,B,,4,33,546,159,87,3,1,0,9,0,1,0,43,0,0,0,0,15,0,0,0,0,4,9,0,6/4/2017 21:30,SI
12731,G,1161,B,,4,33,575,48,137,7,14,14,21,0,2,2,5,8,3,3,46,3,78,0,0,0,5,1,0,6/4/2017 20:46,SI
12749,G,1172,C,1,8,35,622,306,84,0,2,1,1,0,1,0,1,0,0,0,20,0,49,0,0,0,3,0,1,6/4/2017 20:46,SI
12750,G,1172,C,2,8,35,622,279,66,6,3,2,0,0,1,7,0,0,2,0,21,0,42,0,0,0,2,1,1,6/4/2017 20:51,SI
12755,G,1174,C,1,8,35,747,182,101,7,11,5,0,0,4,9,3,2,3,0,59,0,19,4,0,0,3,3,1,6/4/2017 21:57,SI
12756,G,1174,C,2,8,35,747,164,112,14,18,16,3,0,5,6,0,2,12,0,53,0,20,3,0,0,6,1,1,6/4/2017 22:01,SI
12775,G,1180,C,3,8,35,695,132,140,4,11,14,0,0,1,10,0,1,4,0,47,1,17,0,0,0,4,3,3,6/4/2017 20:30,SI
12777,G,1180,C,5,8,35,694,113,175,12,9,3,1,0,3,15,1,0,4,1,34,0,16,0,0,0,4,1,1,6/4/2017 20:32,SI
12783,G,1183,B,,8,35,646,289,69,2,3,3,0,0,2,3,0,0,0,0,21,1,45,2,0,0,5,3,0,6/5/2017 1:24,SI
12786,G,1183,C,3,8,35,645,307,63,5,2,1,0,0,0,6,1,1,2,0,14,0,56,1,0,2,2,4,0,6/4/2017 19:54,SI
12788,G,1184,C,1,8,35,723,243,85,9,10,5,1,0,2,0,1,2,1,0,55,2,25,3,0,0,0,3,0,6/5/2017 0:29,SI
12789,G,1184,C,2,8,35,723,232,93,4,11,7,0,0,3,2,1,0,3,0,41,0,30,4,0,2,2,0,0,6/4/2017 21:06,SI
12802,G,1186,B,,8,35,428,62,96,12,3,6,1,0,1,4,2,1,1,0,42,1,0,0,0,0,1,0,0,6/4/2017 20:17,SI
12819,G,1194,B,,9,35,522,187,75,3,6,3,0,0,1,1,3,0,0,0,47,0,29,6,0,0,4,2,0,6/4/2017 21:59,SI
12820,G,1194,C,1,9,35,522,174,87,2,8,1,0,0,3,2,0,0,0,1,1,0,32,1,0,0,2,2,0,6/4/2017 21:55,SI
12841,G,1205,B,,9,35,508,238,56,1,3,0,2,0,0,0,0,0,0,0,24,0,23,0,0,0,2,0,4,6/4/2017 20:29,SI
12874,G,1223,C,1,9,35,387,106,74,0,5,2,0,0,1,0,0,0,0,0,17,0,27,2,0,0,5,0,0,6/4/2017 21:34,SI
12880,G,1227,C,1,9,35,529,256,50,1,1,0,0,0,1,0,0,0,0,0,26,0,44,1,0,0,4,6,0,6/4/2017 19:49,SI
12882,G,1228,C,1,9,35,493,199,50,4,3,0,0,0,1,0,0,0,0,0,30,1,29,2,0,0,3,0,0,6/4/2017 20:47,SI
12891,G,1235,B,,9,35,577,198,64,4,6,2,1,0,1,0,0,0,0,0,29,0,29,4,0,0,2,1,0,6/4/2017 20:40,SI
12892,G,1236,B,,9,35,626,164,105,2,11,3,0,0,4,0,0,0,0,0,36,0,33,2,0,0,0,3,2,6/4/2017 20:23,SI
12929,G,1264,B,,9,35,543,126,157,5,8,2,0,0,1,0,0,1,0,0,50,0,7,2,0,0,4,0,0,6/4/2017 21:51,SI
12932,G,1266,B,,9,35,749,118,218,9,16,15,0,0,1,0,4,2,5,0,57,0,8,5,0,0,2,0,2,6/4/2017 22:03,SI
12939,G,1270,C,1,9,35,412,63,122,7,5,3,0,0,1,0,0,1,0,0,22,0,4,1,0,0,6,0,0,6/4/2017 20:31,SI
12973,G,1295,B,,9,35,578,54,281,2,9,0,1,0,3,2,1,0,0,1,16,1,13,1,0,0,4,0,0,6/4/2017 22:01,SI
12974,G,1296,B,,9,35,558,71,205,4,5,2,0,0,1,3,1,2,0,0,10,0,5,0,0,0,6,0,2,6/4/2017 19:53,SI
12979,G,1301,B,,9,35,584,101,183,8,5,3,0,0,10,1,0,0,0,0,35,0,11,2,0,0,2,0,3,6/4/2017 20:15,SI
12981,G,1303,B,,9,35,510,65,201,4,4,5,0,0,4,1,0,0,0,0,22,0,4,1,0,0,5,1,0,6/4/2017 20:19,SI
12984,G,1306,B,,9,35,662,87,219,6,2,3,2,0,1,1,1,2,1,0,26,1,14,3,0,0,7,4,2,6/4/2017 20:43,SI
12991,G,1310,C,2,8,35,740,141,118,14,13,8,2,0,6,1,2,0,3,0,66,1,26,6,0,0,1,1,0,6/4/2017 21:19,SI
12998,G,1310,C,9,8,35,740,164,123,4,20,11,0,0,2,0,2,4,0,0,70,0,27,1,0,0,7,0,0,6/4/2017 21:38,SI
13004,G,1310,C,15,8,35,740,138,111,8,13,5,2,0,5,1,2,1,0,0,77,0,21,5,0,0,5,0,0,6/4/2017 22:05,SI
13009,G,1313,B,,8,35,669,162,105,11,8,9,0,0,1,5,1,1,1,1,56,0,25,6,0,0,2,2,1,6/4/2017 19:50,SI
13017,G,1314,C,5,8,35,734,128,77,6,6,11,1,0,3,3,1,1,0,0,53,1,27,2,0,0,8,1,1,6/4/2017 20:23,SI
13027,G,1314,C,15,8,35,734,128,81,7,12,10,1,0,3,3,2,2,1,0,58,1,15,2,0,1,5,0,1,6/4/2017 21:11,SI
13030,G,1314,C,18,8,35,734,123,102,6,16,6,2,0,3,7,1,0,2,0,57,0,23,5,0,0,6,0,3,6/4/2017 21:23,SI
13038,G,1314,C,26,8,35,733,123,101,5,6,8,2,0,3,6,4,4,2,0,45,0,21,4,0,0,9,0,1,6/4/2017 20:15,SI
13041,G,1314,C,29,8,35,733,126,92,6,23,11,3,0,3,0,2,1,2,2,68,0,16,0,0,0,2,0,1,6/4/2017 20:37,SI
13042,G,1314,C,30,8,35,733,130,97,4,10,3,0,0,4,3,3,4,1,1,59,1,23,2,0,0,2,0,0,6/4/2017 21:34,SI
13047,G,1314,C,35,8,35,733,118,109,3,11,5,0,0,9,3,0,3,0,0,64,1,14,3,0,0,3,0,0,6/4/2017 20:40,SI
13049,G,1315,C,1,8,35,580,116,139,4,19,7,0,0,2,13,0,0,1,0,47,1,20,4,0,0,0,0,0,6/4/2017 21:01,SI
13054,G,1318,B,,11,35,612,143,99,9,9,8,1,0,9,1,0,1,1,0,66,1,27,5,0,0,5,3,3,6/4/2017 19:53,SI
13061,G,1320,C,2,11,35,704,162,132,11,3,6,0,0,3,0,3,0,0,1,69,0,18,1,0,0,3,1,1,6/4/2017 19:38,SI
13063,G,1320,C,4,11,35,704,146,123,10,11,1,0,0,12,1,4,0,0,0,87,0,17,2,0,0,6,0,1,6/4/2017 21:43,SI
13065,G,1320,C,6,11,35,704,163,87,13,10,1,1,0,5,0,1,0,2,0,63,2,23,4,0,0,9,0,0,6/4/2017 19:53,SI
13067,G,1321,C,1,11,35,454,72,133,2,5,1,1,0,1,0,1,0,4,0,37,1,15,1,0,0,5,0,1,6/4/2017 18:53,SI
13078,G,1326,B,,9,35,543,119,133,6,10,0,0,0,0,0,0,0,0,0,43,0,12,2,0,0,2,0,11,6/4/2017 21:12,SI
13081,G,1327,C,1,9,35,553,79,143,3,8,2,1,0,0,0,0,1,1,0,49,1,12,2,0,0,7,1,4,6/4/2017 21:03,SI
13088,G,1331,B,,9,35,475,120,88,4,8,6,0,0,2,0,4,0,4,0,22,0,21,2,0,0,3,0,0,6/4/2017 19:42,SI
13091,G,1332,C,1,9,35,587,139,107,6,15,6,0,0,4,2,1,0,8,0,50,0,36,2,0,0,7,0,4,6/4/2017 20:53,SI
13096,G,1336,B,,9,35,551,86,126,5,12,6,1,0,0,0,1,2,2,1,32,1,58,1,0,0,10,0,0,6/4/2017 23:07,SI
13105,G,1340,C,1,9,35,521,105,135,3,9,1,1,0,4,0,1,0,1,0,31,1,13,0,0,0,3,0,0,6/4/2017 22:51,SI
13107,G,1341,C,1,9,35,511,87,100,4,12,20,1,0,4,0,1,0,5,0,45,5,16,4,0,0,6,2,1,6/4/2017 21:15,SI
13127,G,1350,C,3,11,35,705,199,108,6,17,1,0,0,5,0,0,1,0,0,70,0,31,5,0,0,3,1,0,6/4/2017 21:42,SI
13129,G,1350,C,5,11,35,705,183,104,6,7,5,1,0,7,0,3,1,2,3,60,0,38,0,0,1,10,0,0,6/4/2017 21:16,SI
13131,G,1350,C,7,11,35,704,193,94,9,13,5,2,0,7,0,3,1,0,0,63,0,39,4,0,0,8,2,0,6/4/2017 23:21,SI
13142,G,1351,C,4,11,35,733,200,98,11,10,5,0,0,3,0,1,0,0,0,82,1,0,0,0,0,0,0,0,6/5/2017 1:09,SI
13145,G,1351,C,7,11,35,733,177,119,7,14,7,0,0,5,1,0,0,0,0,65,1,20,3,0,0,3,0,0,6/5/2017 2:26,NO
13151,G,1351,C,13,11,35,732,200,123,7,12,3,0,0,3,1,4,0,2,0,88,1,26,4,0,0,9,0,0,6/4/2017 22:03,SI
13153,G,1351,C,15,11,35,732,199,116,5,8,1,0,0,2,3,1,0,0,1,70,3,30,4,0,0,3,2,0,6/4/2017 22:29,SI
13156,G,1352,B,,11,35,653,102,95,6,8,9,0,0,3,6,1,2,5,0,38,2,22,2,0,0,10,0,0,6/4/2017 22:04,SI
13158,G,1352,C,2,11,35,652,94,105,7,11,11,0,0,3,0,1,6,1,0,43,1,20,1,0,0,3,1,1,6/4/2017 22:12,SI
13166,G,1354,C,3,11,35,748,142,126,4,10,8,1,0,8,2,1,1,2,0,67,1,21,1,0,0,4,1,0,6/4/2017 19:58,SI
13168,G,1354,C,5,11,35,748,137,112,2,17,4,1,0,8,0,4,0,0,0,59,1,12,0,0,0,7,2,0,6/4/2017 19:33,SI
13170,G,1354,C,7,11,35,748,145,111,8,13,4,1,0,6,2,2,1,1,0,71,1,39,2,0,0,6,1,0,6/4/2017 19:02,SI
13188,G,1360,B,,11,35,721,211,149,6,15,0,0,0,6,0,0,1,1,0,42,0,19,4,0,0,5,1,2,6/4/2017 21:12,SI
13193,G,1360,C,5,11,35,721,220,144,4,11,2,0,0,0,0,0,0,0,0,41,0,20,3,0,0,6,1,0,6/4/2017 23:29,SI
13196,G,1360,C,8,11,35,721,221,128,5,11,2,1,0,3,0,3,0,4,1,55,1,27,8,0,0,2,6,0,6/4/2017 21:26,SI
13199,G,1360,C,11,11,35,720,196,163,7,14,4,0,0,3,0,0,0,1,0,63,0,27,8,0,1,3,6,0,6/4/2017 21:47,SI
13211,G,1364,C,1,11,35,451,177,74,1,4,2,1,0,1,0,0,0,0,0,27,0,18,5,0,0,1,3,1,6/4/2017 21:11,SI
13213,G,1365,C,1,11,35,739,182,186,5,11,4,0,0,5,0,2,1,1,0,65,0,22,5,0,0,11,1,0,6/4/2017 20:32,SI
13223,G,1366,C,1,11,35,411,152,62,2,7,1,0,0,4,1,2,0,1,1,38,0,22,2,0,0,7,4,1,6/4/2017 20:47,SI
13224,G,1367,B,,9,35,646,177,122,8,12,3,0,0,7,0,0,0,0,0,59,0,26,2,0,0,5,0,2,6/4/2017 20:34,SI
13239,G,1376,B,,9,35,448,198,64,2,3,2,0,0,2,2,0,0,0,0,33,0,23,2,0,0,2,0,0,6/4/2017 19:16,SI
13241,G,1377,B,,9,35,523,166,100,5,5,1,1,0,4,0,1,0,0,0,37,0,25,6,0,0,2,1,1,6/4/2017 21:31,SI
13254,G,1382,C,4,11,35,648,197,118,3,9,4,1,0,5,1,2,1,2,0,60,1,31,4,0,0,1,2,0,6/4/2017 21:36,SI
13276,G,1391,C,1,10,35,689,334,56,0,3,2,0,0,0,2,1,1,0,0,24,0,54,1,0,0,3,3,0,6/4/2017 20:12,SI
13292,G,1400,C,1,10,35,432,196,59,0,2,2,0,0,0,0,0,0,0,0,11,0,20,4,0,0,3,1,0,6/4/2017 19:12,SI
13297,G,1403,B,,10,35,726,381,59,1,1,1,0,0,1,0,0,0,0,0,26,0,0,0,0,0,0,0,0,6/4/2017 20:42,SI
13299,G,1404,B,,10,35,432,196,43,0,4,1,0,0,0,0,0,1,0,0,21,0,32,4,0,0,4,1,0,6/4/2017 19:28,SI
13305,G,1407,B,,10,35,597,246,74,4,6,0,3,0,3,0,1,0,0,0,48,0,25,3,0,1,4,0,2,6/4/2017 19:35,SI
13308,G,1407,C,3,10,35,596,262,64,3,8,1,0,0,4,0,0,0,0,0,44,0,28,3,0,0,2,4,2,6/4/2017 19:41,SI
13330,G,1420,B,,10,35,556,195,65,6,10,1,0,0,0,0,0,0,0,1,46,1,22,1,0,0,10,3,3,6/4/2017 20:37,SI
13333,G,1421,C,1,10,35,403,121,77,2,7,3,0,0,1,0,1,1,0,0,34,0,19,1,0,0,4,0,0,6/4/2017 20:42,SI
13334,G,1422,B,,10,35,455,161,61,0,5,0,0,0,1,0,0,0,0,0,58,2,20,3,0,0,3,1,0,6/4/2017 20:53,SI
13336,G,1423,B,,10,35,607,250,89,1,9,3,0,0,0,8,0,1,0,0,48,0,17,6,0,0,4,1,1,6/4/2017 21:41,SI
13340,G,1425,B,,10,35,658,116,123,8,16,8,0,0,2,0,2,0,0,0,6,1,0,0,0,0,7,0,0,6/4/2017 22:00,SI
13343,G,1426,C,1,10,35,537,87,126,1,11,4,1,0,2,2,0,1,0,0,46,2,14,1,0,0,7,0,3,6/4/2017 20:16,SI
13393,G,1451,C,1,10,35,655,128,165,3,12,3,1,0,5,0,0,0,1,0,59,0,15,0,0,0,7,1,0,6/4/2017 19:58,SI
13396,G,1453,B,,10,35,506,95,118,1,9,4,0,0,2,1,0,0,1,0,68,1,12,5,0,1,5,0,0,6/4/2017 21:08,SI
13397,G,1453,C,1,10,35,506,94,133,1,5,4,1,0,0,0,2,0,0,0,42,0,12,1,0,0,7,0,0,6/4/2017 20:12,SI
13421,G,1461,C,6,8,35,692,250,84,2,4,6,0,0,6,5,2,2,0,1,46,0,28,6,0,0,3,2,2,6/4/2017 20:43,SI
13428,G,1463,C,1,8,35,735,170,210,21,15,0,0,0,0,0,0,0,0,0,75,0,18,1,0,0,4,0,0,6/4/2017 23:16,SI
13430,G,1464,C,1,8,35,648,148,153,8,8,32,0,0,3,9,4,5,8,0,38,0,12,0,0,0,7,0,0,6/5/2017 0:23,SI
13432,G,1465,B,,8,35,501,94,146,32,6,3,1,0,2,3,1,0,1,0,24,1,3,0,0,0,9,1,1,6/4/2017 23:11,SI
13513,G,1539,B,,10,35,315,46,72,2,3,2,0,0,1,0,1,0,0,0,31,0,21,2,0,0,5,0,1,6/4/2017 18:59,SI
13515,G,1540,C,1,10,35,590,119,108,4,16,4,0,0,5,0,2,0,0,1,63,1,9,4,0,2,4,1,0,6/4/2017 20:11,SI
13518,G,1543,B,,10,35,745,189,150,6,11,3,1,0,3,1,0,0,1,1,78,1,23,4,0,0,6,0,1,6/4/2017 20:14,SI
13524,G,1547,B,,10,35,504,124,99,4,13,1,1,0,6,1,0,1,1,0,51,0,18,1,0,0,3,0,3,6/4/2017 20:12,SI
13529,G,1574,B,,10,35,506,162,92,4,18,2,2,0,3,0,0,0,3,0,59,0,19,3,0,0,4,1,0,6/4/2017 20:31,SI
13559,G,1603,B,,10,35,344,16,156,3,3,0,0,0,0,1,0,3,0,0,16,0,8,0,0,0,3,0,0,6/4/2017 19:33,SI
13569,G,1476,B,,7,36,738,124,202,2,1,1,1,0,11,0,87,4,9,2,9,9,26,0,0,0,10,1,2,6/4/2017 20:06,SI
13572,G,1478,B,,7,36,575,59,213,2,1,2,10,0,2,0,85,2,26,2,18,0,32,0,0,0,8,1,0,6/4/2017 21:37,SI
13577,G,1483,B,,7,36,337,46,97,5,1,6,2,0,3,0,11,27,24,3,18,0,2,0,0,0,7,0,0,6/4/2017 19:07,SI
13585,G,1490,B,,7,36,705,31,264,7,8,6,1,0,1,1,66,41,7,3,10,0,10,0,0,0,6,0,0,6/4/2017 23:31,SI
13597,G,1498,B,,5,37,716,147,142,26,1,0,6,0,1,1,0,1,1,0,32,0,71,1,0,0,16,0,0,6/4/2017 22:35,SI
13600,G,1500,B,,5,37,483,99,82,13,0,0,6,0,0,0,0,0,2,1,14,0,65,1,0,0,8,0,0,6/4/2017 19:34,SI
13607,G,1506,B,,1,38,654,178,110,47,1,1,1,0,0,2,1,1,1,0,18,0,24,1,0,0,15,7,3,6/4/2017 22:19,SI
13609,G,1507,B,,1,38,556,132,104,45,2,0,0,0,2,2,0,0,1,0,16,1,25,0,0,0,16,0,0,6/4/2017 22:47,SI
13614,G,1509,B,,1,38,733,199,101,33,2,0,6,0,2,0,0,2,1,0,16,0,70,1,0,0,8,1,1,6/4/2017 23:07,SI
13617,G,1511,B,,1,38,747,139,160,34,1,1,3,0,1,2,0,0,0,0,22,2,89,0,0,0,4,1,1,6/5/2017 1:08,SI
13621,G,1513,C,1,1,38,605,137,106,55,0,0,3,0,7,1,0,1,1,0,34,1,18,0,0,1,8,2,0,6/4/2017 23:40,SI
